"","PredNN","PredAutoNN","PredAutoARIMA","PredARIMA","Ensamble1","Ensamble2"
"1",940257.055725889,1927518.47991162,1654332.88309344,1252021.55741737,1216165.72960176,1357437.89131584
